adapt_lr,meta_lr,k_adapt_steps,N_patient_group,query_set,suport_set,loss,elapsed_time_min
0.01,0.005,10,4,10,5,0.31397244334220886,4.42
0.02,0.005,1,4,10,5,0.32022956013679504,4.6
0.02,0.005,1,6,10,5,0.32329580187797546,4.47
0.01,0.005,1,4,10,5,0.3254351317882538,4.32
0.001,0.005,10,4,10,5,0.32756224274635315,4.66
0.005,0.005,10,4,10,5,0.3291967511177063,4.5
0.005,0.005,1,4,10,5,0.3293347954750061,4.68
0.001,0.005,3,4,10,5,0.33050695061683655,4.85
0.001,0.005,1,4,10,5,0.33053717017173767,4.42
0.02,0.005,3,4,10,5,0.33113306760787964,4.22
0.02,0.005,5,4,10,5,0.3324526846408844,4.47
0.01,0.005,5,4,10,5,0.332494854927063,4.46
0.001,0.005,5,4,10,5,0.3335709273815155,4.48
0.02,0.005,10,4,10,5,0.335173636674881,5.07
0.01,0.005,3,4,10,5,0.33617132902145386,4.51
0.01,0.005,1,6,10,5,0.33805161714553833,4.55
0.005,0.005,5,4,10,5,0.34255659580230713,4.8
0.02,0.001,1,6,10,5,0.3427138924598694,5.2
0.001,0.001,3,4,10,5,0.34427013993263245,4.45
0.02,0.005,5,6,10,5,0.3448868989944458,4.78
0.005,0.005,3,4,10,5,0.3458307683467865,4.43
0.001,0.001,1,4,10,5,0.34617820382118225,4.83
0.005,0.005,1,6,10,5,0.34631508588790894,4.6
0.005,0.001,1,4,10,5,0.34656548500061035,4.49
0.01,0.001,10,4,10,5,0.3468961715698242,4.46
0.01,0.001,1,6,10,5,0.3474811315536499,4.68
0.01,0.001,1,4,10,5,0.34867000579833984,4.28
0.005,0.001,3,4,10,5,0.34973105788230896,4.47
0.02,0.001,10,4,10,5,0.35132917761802673,4.35
0.01,0.001,3,4,10,5,0.3537420928478241,4.5
0.005,0.001,1,6,10,5,0.3545462191104889,4.88
0.02,0.0005,1,6,10,5,0.3547438979148865,4.46
0.001,0.001,1,6,10,5,0.35495612025260925,4.56
0.02,0.001,1,4,10,5,0.35510483384132385,5.32
0.001,0.001,10,4,10,5,0.355528861284256,4.68
0.005,0.0005,3,4,10,5,0.35706254839897156,4.69
0.005,0.001,10,4,10,5,0.35743439197540283,4.95
0.001,0.005,1,6,10,5,0.3590540587902069,4.98
0.01,0.0005,1,6,10,5,0.3596639037132263,4.53
0.001,0.001,5,6,10,5,0.36019614338874817,4.39
0.02,0.001,3,4,10,5,0.36090952157974243,5.58
0.01,0.0005,3,4,10,5,0.36128905415534973,4.76
0.001,0.0005,3,4,10,5,0.36204993724823,5.82
0.01,0.005,10,6,10,5,0.3624621629714966,4.65
0.01,0.005,5,6,10,5,0.3633509576320648,4.55
0.02,0.005,3,6,10,5,0.36356857419013977,4.61
0.02,0.005,10,6,10,5,0.3649030327796936,4.71
0.005,0.0005,1,6,10,5,0.3653264045715332,4.44
0.001,0.0005,1,6,10,5,0.3653549253940582,6.42
0.001,0.005,5,6,10,5,0.36570948362350464,4.45
0.005,0.005,5,6,10,5,0.3657815754413605,4.4
0.001,0.005,10,6,10,5,0.3670981824398041,4.75
0.005,0.005,10,6,10,5,0.367367148399353,4.96
0.001,0.001,3,6,10,5,0.36936578154563904,4.5
0.005,0.001,5,6,10,5,0.37013766169548035,4.73
0.001,0.001,10,6,10,5,0.3703012466430664,4.83
0.01,0.001,3,6,10,5,0.3704018294811249,4.15
0.001,0.0005,5,6,10,5,0.3711397051811218,4.63
0.005,0.0005,1,4,10,5,0.37150612473487854,4.74
0.02,0.001,3,6,10,5,0.3718857765197754,5.57
0.01,0.001,5,6,10,5,0.37188956141471863,4.44
0.005,0.0005,3,6,10,5,0.37199950218200684,4.54
0.005,0.001,3,6,10,5,0.37219542264938354,4.86
0.001,0.0005,3,6,10,5,0.37345486879348755,4.95
0.01,0.0005,5,6,10,5,0.3738502264022827,4.35
0.02,0.001,5,6,10,5,0.3744732737541199,5.08
0.01,0.0005,1,4,10,5,0.3744984269142151,4.42
0.02,0.0005,3,6,10,5,0.3753098249435425,4.63
0.01,0.0005,3,6,10,5,0.37537792325019836,4.44
0.01,0.005,3,6,10,5,0.3761797845363617,4.48
0.001,0.0005,1,4,10,5,0.37619346380233765,6.76
0.02,0.0005,5,6,10,5,0.3761953115463257,4.58
0.005,0.001,5,4,10,5,0.37659671902656555,4.65
0.02,0.0005,3,4,10,5,0.3766009509563446,4.64
0.005,0.0005,5,6,10,5,0.3778521418571472,4.55
0.001,0.0005,10,6,10,5,0.37944626808166504,4.99
0.005,0.001,10,6,10,5,0.3796001970767975,4.59
0.001,0.005,3,6,10,5,0.3798448443412781,4.72
0.01,0.001,5,4,10,5,0.3806988298892975,4.34
0.001,0.001,5,4,10,5,0.38159510493278503,4.59
0.02,0.0005,10,4,10,5,0.38166531920433044,5.01
0.02,0.0005,1,4,10,5,0.38169267773628235,5.0
0.01,0.001,10,6,10,5,0.38231781125068665,4.57
0.01,0.0005,10,6,10,5,0.3826032280921936,4.34
0.005,0.005,3,6,10,5,0.38366711139678955,4.63
0.01,0.0005,10,4,10,5,0.38373199105262756,4.59
0.02,0.001,10,6,10,5,0.38410696387290955,4.66
0.02,0.001,5,4,10,5,0.3845580220222473,5.15
0.005,0.0005,10,6,10,5,0.3852420747280121,4.41
0.005,0.0005,10,4,10,5,0.3857571482658386,4.63
0.01,0.0001,1,6,10,5,0.3871266841888428,4.61
0.02,0.0005,10,6,10,5,0.387201189994812,4.91
0.005,0.0001,1,6,10,5,0.38795188069343567,4.68
0.02,0.0001,1,6,10,5,0.38931965827941895,4.51
0.001,0.0001,1,6,10,5,0.3893481492996216,5.82
0.001,0.0005,10,4,10,5,0.3905293941497803,4.82
0.02,0.0001,1,4,10,5,0.3941514194011688,4.43
0.001,0.0001,1,4,10,5,0.3944031000137329,6.11
0.02,0.0005,5,4,10,5,0.39705705642700195,4.86
0.001,0.0005,5,4,10,5,0.397302508354187,5.38
0.01,0.0001,1,4,10,5,0.3974425196647644,4.84
0.005,0.0001,1,4,10,5,0.3979704976081848,4.53
0.02,0.0005,10,10,10,5,0.4008035659790039,5.66
0.005,0.0005,5,4,10,5,0.4018060564994812,4.41
0.01,0.0005,5,4,10,5,0.40449875593185425,4.6
0.001,0.0001,10,6,10,5,0.4055593013763428,6.51
0.001,0.0001,3,4,10,5,0.40774089097976685,5.04
0.02,0.0005,5,10,10,5,0.40958449244499207,5.76
0.02,0.0005,3,10,10,5,0.40969952940940857,4.65
0.005,0.0001,3,4,10,5,0.4106352627277374,4.55
0.005,0.0001,10,6,10,5,0.41104692220687866,4.58
0.01,0.005,5,10,10,5,0.41113072633743286,4.41
0.001,0.0001,3,6,10,5,0.41284847259521484,4.9
0.005,0.0001,3,6,10,5,0.4146779477596283,4.53
0.001,0.0001,5,6,10,5,0.4154989719390869,4.48
0.01,0.0001,10,6,10,5,0.41552871465682983,4.75
0.02,0.005,5,10,10,5,0.41811683773994446,4.47
0.001,0.005,5,10,10,5,0.4186801314353943,4.77
0.01,0.0001,5,6,10,5,0.4187946021556854,4.33
0.005,0.005,5,10,10,5,0.4189099669456482,3.97
0.01,0.0001,3,6,10,5,0.4194506108760834,4.64
0.01,0.005,10,20,10,5,0.41945499181747437,4.81
0.005,0.0001,5,6,10,5,0.4196622967720032,4.7
0.01,0.0005,10,10,10,5,0.4196709394454956,4.57
0.01,0.0005,3,10,10,5,0.4199916124343872,4.59
0.02,0.001,5,10,10,5,0.4208758473396301,4.72
0.02,0.001,10,10,10,5,0.42118221521377563,4.16
0.02,0.0001,5,6,10,5,0.42131349444389343,4.68
0.005,0.005,10,20,10,5,0.42134904861450195,4.5
0.02,0.0001,3,10,10,5,0.4218246638774872,4.67
0.02,0.005,10,20,10,5,0.4228605031967163,4.77
0.02,0.0001,5,4,10,5,0.42379531264305115,4.79
0.01,0.0001,3,4,10,5,0.42400309443473816,4.32
0.02,0.001,3,10,10,5,0.4248727262020111,5.26
0.01,0.005,3,10,10,5,0.4256094694137573,4.54
0.001,0.005,10,20,10,5,0.4256547689437866,4.83
0.02,0.0001,10,6,10,5,0.4265967905521393,4.5
0.005,0.005,1,10,10,5,0.4270284175872803,4.28
0.01,0.0001,5,4,10,5,0.4272496700286865,4.61
0.01,0.0001,3,10,10,5,0.42763280868530273,4.42
0.01,0.0005,5,10,10,5,0.4276837408542633,4.58
0.02,0.005,3,10,10,5,0.42768606543540955,4.5
0.02,0.005,1,10,10,5,0.42832159996032715,4.36
0.005,0.0001,5,4,10,5,0.42832717299461365,4.65
0.001,0.005,1,10,10,5,0.4285877048969269,4.69
0.01,0.005,1,10,10,5,0.4293953776359558,4.64
0.001,0.005,10,10,10,5,0.4295389950275421,4.6
0.005,0.005,10,10,10,5,0.42993155121803284,4.63
0.005,0.0005,3,10,10,5,0.4302375614643097,4.38
0.001,0.0001,5,4,10,5,0.43035900592803955,8.09
0.02,0.0001,3,6,10,5,0.4320814609527588,4.64
0.005,0.005,3,10,10,5,0.4327385723590851,4.32
0.005,0.0001,3,10,10,5,0.43294280767440796,4.78
0.01,0.001,3,10,10,5,0.4348267912864685,4.69
0.005,0.0005,10,10,10,5,0.4352354109287262,4.87
0.01,0.001,5,10,10,5,0.4360029101371765,4.44
0.02,0.0001,10,4,10,5,0.43636587262153625,4.69
0.005,0.005,1,20,10,5,0.4370410144329071,4.56
0.001,0.0005,3,10,10,5,0.43727344274520874,6.24
0.01,0.005,1,20,10,5,0.4374060034751892,4.35
0.001,0.005,1,20,10,5,0.43741685152053833,4.49
0.02,0.005,5,20,10,5,0.43779367208480835,4.58
0.001,0.0001,10,4,10,5,0.43839332461357117,8.77
0.01,0.005,5,20,10,5,0.43905967473983765,4.44
0.02,0.0005,1,10,10,5,0.439360111951828,4.57
0.005,0.001,3,10,10,5,0.44030264019966125,4.63
0.02,0.005,3,20,10,5,0.440306693315506,4.83
0.01,0.005,10,10,10,5,0.44040119647979736,4.69
0.001,0.005,3,10,10,5,0.4409073293209076,4.69
0.01,0.0001,5,10,10,5,0.4410838782787323,4.37
0.02,0.0001,5,10,10,5,0.44123315811157227,4.32
0.005,0.0001,10,4,10,5,0.44123733043670654,4.46
0.01,0.0005,1,10,10,5,0.4413115382194519,4.5
0.005,0.005,5,20,10,5,0.44131603837013245,4.52
0.02,0.005,1,20,10,5,0.4413636028766632,4.49
0.005,0.0005,5,10,10,5,0.44145363569259644,4.7
0.01,0.005,3,20,10,5,0.4416504204273224,4.47
0.001,0.005,3,20,10,5,0.4420631527900696,4.91
0.001,0.0001,3,10,10,5,0.4421301484107971,7.71
0.005,0.005,3,20,10,5,0.44230833649635315,4.62
0.005,0.0005,1,10,10,5,0.44328656792640686,4.58
0.001,0.005,5,20,10,5,0.44372278451919556,4.45
0.02,0.0001,3,4,10,5,0.4437854588031769,4.7
0.005,0.001,5,10,10,5,0.4448101222515106,4.82
0.01,0.001,10,10,10,5,0.445281445980072,4.25
0.001,0.0005,1,10,10,5,0.4453282952308655,6.73
0.01,0.0001,10,4,10,5,0.44574686884880066,4.75
0.005,0.001,1,10,10,5,0.44596827030181885,4.79
0.001,0.001,1,10,10,5,0.44633471965789795,4.47
0.02,0.001,1,10,10,5,0.4467654228210449,5.26
0.01,0.001,1,10,10,5,0.446888267993927,4.6
0.005,0.0001,5,10,10,5,0.4469152092933655,4.43
0.001,0.0005,5,10,10,5,0.449454665184021,4.41
0.02,0.001,10,20,10,5,0.45004701614379883,4.52
0.02,0.005,10,10,10,5,0.4510388672351837,4.65
0.001,0.001,5,10,10,5,0.45115435123443604,5.04
0.01,0.001,10,20,10,5,0.45272189378738403,4.71
0.001,0.001,3,10,10,5,0.4534456729888916,4.39
0.001,0.001,10,20,10,5,0.4548270106315613,4.55
0.005,0.001,10,10,10,5,0.4550100862979889,4.52
0.01,0.0001,10,10,10,5,0.4550814628601074,4.64
0.001,0.0005,10,10,10,5,0.4560568630695343,4.81
0.005,0.001,10,20,10,5,0.4578973054885864,4.55
0.001,0.0001,5,10,10,5,0.4587526321411133,8.66
0.001,0.001,10,10,10,5,0.4592137634754181,4.79
0.005,0.0001,10,10,10,5,0.4601556360721588,4.71
0.01,0.0001,1,10,10,5,0.46032410860061646,4.26
0.02,0.0001,1,10,10,5,0.46039578318595886,4.6
0.005,0.0001,1,10,10,5,0.4619525671005249,4.82
0.001,0.0005,10,20,10,5,0.46327224373817444,4.78
0.001,0.0001,1,10,10,5,0.4633416533470154,5.47
0.001,0.001,1,20,10,5,0.46487370133399963,4.83
0.02,0.0001,10,10,10,5,0.46669918298721313,4.53
0.001,0.001,3,20,10,5,0.4671362638473511,4.77
0.005,0.001,1,20,10,5,0.4673239290714264,4.88
0.001,0.0005,3,20,10,5,0.4694533050060272,6.4
0.02,0.001,5,20,10,5,0.4694536328315735,4.92
0.001,0.0005,1,20,10,5,0.47081929445266724,6.29
0.02,0.0005,10,20,10,5,0.47085756063461304,5.92
0.005,0.0005,10,20,10,5,0.47110840678215027,4.5
0.02,0.001,3,20,10,5,0.4712755084037781,5.33
0.01,0.001,1,20,10,5,0.47167009115219116,4.35
0.01,0.0005,10,20,10,5,0.4718705415725708,4.51
0.005,0.0005,1,20,10,5,0.472670316696167,4.49
0.01,0.0005,1,20,10,5,0.4755189120769501,4.71
0.001,0.0001,10,10,10,5,0.4759855270385742,7.97
0.001,0.001,5,20,10,5,0.47606682777404785,4.73
0.01,0.001,3,20,10,5,0.47647932171821594,4.24
0.005,0.001,3,20,10,5,0.47650814056396484,4.59
0.001,0.0005,5,20,10,5,0.47720906138420105,4.77
0.02,0.001,1,20,10,5,0.4775851368904114,5.8
0.01,0.001,5,20,10,5,0.47773846983909607,4.63
0.005,0.0005,3,20,10,5,0.47860199213027954,4.5
0.02,0.0005,3,20,10,5,0.47947487235069275,4.55
0.02,0.0005,1,20,10,5,0.4805498719215393,4.6
0.005,0.001,5,20,10,5,0.4805648922920227,4.4
0.01,0.0005,3,20,10,5,0.4813607335090637,4.33
0.005,0.0005,5,20,10,5,0.48659631609916687,4.38
0.001,0.0001,3,20,10,5,0.49078959226608276,9.98
0.01,0.0005,5,20,10,5,0.4910556674003601,4.64
0.02,0.0005,5,20,10,5,0.49113842844963074,5.49
0.001,0.0001,10,20,10,5,0.49328315258026123,6.53
0.02,0.0001,5,20,10,5,0.4962020516395569,4.43
0.001,0.0001,5,20,10,5,0.4976486563682556,4.92
0.001,0.0001,1,20,10,5,0.4982585608959198,5.34
0.01,0.0001,10,20,10,5,0.4985335171222687,4.71
0.005,0.0001,10,20,10,5,0.4988848567008972,4.55
0.02,0.0001,3,20,10,5,0.4993501901626587,4.55
0.005,0.0001,3,20,10,5,0.4995424449443817,4.43
0.005,0.0001,1,20,10,5,0.5013898611068726,4.43
0.01,0.0001,5,20,10,5,0.5039211511611938,4.42
0.01,0.0001,3,20,10,5,0.5049759149551392,4.58
0.01,0.0001,1,20,10,5,0.5061271786689758,4.65
0.02,0.0001,10,20,10,5,0.5070744156837463,4.31
0.005,0.0001,5,20,10,5,0.5095665454864502,4.75
0.02,0.0001,1,20,10,5,0.5122267007827759,4.17
